Datetime,Open,High,Low,Close,Adj Close,Volume,RSI14,MA5,MA25,MA75
2026-07-17T09:00:00+0900,66339.851562,66441.773438,64104.781250,64663.859375,64663.859375,0,,,,
2026-07-17T10:00:00+0900,64671.128906,65037.750000,64132.019531,64183.281250,64183.281250,0,,,,
2026-07-17T11:00:00+0900,64182.261719,64263.488281,63896.480469,63896.480469,63896.480469,0,,,,
2026-07-17T12:00:00+0900,64220.621094,64220.621094,63685.960938,63690.289062,63690.289062,0,,,,
2026-07-17T13:00:00+0900,63686.710938,63723.328125,62704.601562,63252.238281,63252.238281,0,,63937.229688,,
2026-07-17T14:00:00+0900,63262.441406,63682.691406,63126.570312,63682.691406,63682.691406,0,,63740.996094,,
2026-07-17T15:00:00+0900,63675.328125,64113.210938,63675.328125,64113.210938,64113.210938,0,,63726.982031,,
2026-07-21T09:00:00+0900,64544.050781,65138.968750,64203.468750,64855.230469,64855.230469,0,,63918.732031,,
2026-07-21T10:00:00+0900,64841.191406,65642.593750,64599.570312,65197.660156,65197.660156,0,,64220.206250,,
2026-07-21T11:00:00+0900,65220.000000,65409.539062,65023.671875,65255.679688,65255.679688,0,,64620.894531,,
2026-07-21T12:00:00+0900,65589.242188,65989.140625,65510.839844,65984.937500,65984.937500,0,,65081.343750,,
2026-07-21T13:00:00+0900,65985.718750,66031.921875,65715.859375,65853.187500,65853.187500,0,,65429.339063,,
2026-07-21T14:00:00+0900,65857.492188,66114.632812,65641.289062,66008.703125,66008.703125,0,,65660.033594,,
2026-07-21T15:00:00+0900,66000.562500,66130.257812,65969.773438,66067.906250,66067.906250,0,,65834.082812,,
2026-07-22T09:00:00+0900,66449.273438,67592.203125,66429.570312,67365.187500,67365.187500,0,50.779798,66255.984375,,
2026-07-22T10:00:00+0900,67356.031250,67578.828125,67123.312500,67520.710938,67520.710938,0,52.058504,66563.139063,,
2026-07-22T11:00:00+0900,67514.640625,67547.789062,67344.320312,67511.117188,67511.117188,0,51.968813,66894.725000,,
2026-07-22T12:00:00+0900,67335.523438,67379.507812,66777.156250,66918.109375,66918.109375,0,46.621910,67076.606250,,
2026-07-22T13:00:00+0900,66921.460938,67080.679688,66646.937500,66744.546875,66744.546875,0,45.157478,67211.934375,,
2026-07-22T14:00:00+0900,66761.273438,66770.132812,66148.218750,66237.578125,66237.578125,0,41.096811,66986.412500,,
2026-07-22T15:00:00+0900,66243.851562,66243.851562,65955.601562,66005.156250,66005.156250,0,39.349819,66683.301562,,
2026-07-23T09:00:00+0900,66421.007812,66972.343750,66362.437500,66949.859375,66949.859375,0,48.864761,66571.050000,,
2026-07-23T10:00:00+0900,66946.593750,67022.367188,66497.210938,66529.507812,66529.507812,0,45.448174,66493.329687,,
2026-07-23T11:00:00+0900,66531.328125,66671.648438,66372.679688,66424.437500,66424.437500,0,44.608584,66429.307813,,
2026-07-23T12:00:00+0900,66343.882812,66601.210938,66287.351562,66564.000000,66564.000000,0,46.034648,66494.592188,65659.022656,
2026-07-23T13:00:00+0900,66559.906250,66601.492188,66317.382812,66511.578125,66511.578125,0,45.560176,66595.876562,65732.931406,
2026-07-23T14:00:00+0900,66509.929688,66803.976562,66351.203125,66357.359375,66357.359375,0,44.119503,66477.376562,65819.894531,
2026-07-23T15:00:00+0900,66354.296875,66442.367188,66208.656250,66306.750000,66306.750000,0,43.631904,66432.825000,65916.305313,
2026-07-24T09:00:00+0900,65584.250000,65720.812500,64489.980469,64796.050781,64796.050781,0,32.194146,66107.147656,65960.535781,
2026-07-24T10:00:00+0900,64792.031250,64855.269531,64334.289062,64374.289062,64374.289062,0,29.842129,65669.205469,66005.417813,
2026-07-24T11:00:00+0900,64380.308594,64568.750000,64356.199219,64568.750000,64568.750000,0,32.298051,65280.639844,66040.860156,
2026-07-24T12:00:00+0900,64436.621094,64507.820312,64226.539062,64261.468750,64261.468750,0,30.482229,64861.461719,66046.790469,
2026-07-24T13:00:00+0900,64269.148438,64622.750000,64201.031250,64514.359375,64514.359375,0,33.781787,64502.983594,66033.155625,
2026-07-24T14:00:00+0900,64516.648438,64641.488281,64397.531250,64459.691406,64459.691406,0,33.412593,64435.711719,66003.636875,
2026-07-24T15:00:00+0900,64457.519531,64625.058594,64364.070312,64604.839844,64604.839844,0,35.430332,64481.821875,65977.603281,
2026-07-27T09:00:00+0900,65164.980469,65220.691406,64417.300781,64442.488281,64442.488281,0,34.182640,64456.569531,65915.905313,
2026-07-27T10:00:00+0900,64456.128906,64723.011719,64123.398438,64715.210938,64715.210938,0,38.124492,64547.317969,65870.386250,
2026-07-27T11:00:00+0900,64734.089844,64882.871094,64616.281250,64764.011719,64764.011719,0,38.830460,64597.248437,65820.598594,
2026-07-27T12:00:00+0900,64782.050781,64878.960938,64445.710938,64537.871094,64537.871094,0,36.738632,64612.884375,65759.397187,
2026-07-27T13:00:00+0900,64542.941406,64902.050781,64461.039062,64737.050781,64737.050781,0,39.814020,64639.326562,65654.271719,
2026-07-27T14:00:00+0900,64739.031250,64856.339844,64732.390625,64798.128906,64798.128906,0,40.764986,64710.454688,65545.368438,
2026-07-27T15:00:00+0900,64797.031250,64976.871094,64797.031250,64957.328125,64957.328125,0,43.280586,64758.878125,65443.216875,
2026-07-28T09:00:00+0900,64539.921875,64573.179688,62126.320312,62268.558594,62268.558594,0,24.418755,64259.787500,65257.234844,
2026-07-28T10:00:00+0900,62248.781250,62530.148438,62115.808594,62124.910156,62124.910156,0,23.821457,63777.195312,65072.449375,
2026-07-28T11:00:00+0900,62121.929688,62148.949219,61927.019531,62046.460938,62046.460938,0,23.483622,63239.077344,64904.804688,
2026-07-28T12:00:00+0900,62122.199219,62555.398438,61923.601562,62457.058594,62457.058594,0,29.147385,62770.863281,64762.880781,
2026-07-28T13:00:00+0900,62453.769531,62509.960938,62177.859375,62356.558594,62356.558594,0,28.589567,62250.709375,64579.148750,
2026-07-28T14:00:00+0900,62358.570312,62463.851562,62080.671875,62133.871094,62133.871094,0,27.340973,62223.771875,64403.323281,
2026-07-28T15:00:00+0900,62153.589844,62382.160156,62075.000000,62313.210938,62313.210938,0,29.992664,62261.432031,64238.874219,
2026-07-29T09:00:00+0900,62734.679688,63138.039062,62371.980469,62448.769531,62448.769531,0,32.012416,62341.893750,64074.265000,
2026-07-29T10:00:00+0900,62418.390625,62598.300781,61323.398438,61342.851562,61342.851562,0,25.538936,62119.052344,63867.515938,
2026-07-29T11:00:00+0900,61333.839844,61700.289062,61201.980469,61689.859375,61689.859375,0,30.301531,61985.712500,63680.815938,
2026-07-29T12:00:00+0900,61263.148438,61263.148438,60715.558594,60782.281250,60782.281250,0,25.675913,61715.394531,63459.837188,
2026-07-29T13:00:00+0900,60791.960938,61268.468750,60448.898438,61257.789062,61257.789062,0,31.569918,61504.310156,63318.306719,
2026-07-29T14:00:00+0900,61245.171875,61489.058594,61014.238281,61303.199219,61303.199219,0,32.123498,61275.196094,63195.463125,
2026-07-29T15:00:00+0900,61291.351562,61437.148438,60946.109375,61429.441406,61429.441406,0,33.728575,61292.514062,63069.890781,
2026-07-30T09:00:00+0900,61258.339844,62479.078125,61049.699219,62274.339844,62274.339844,0,43.378852,61409.410156,62990.405625,
2026-07-30T10:00:00+0900,62265.179688,62924.839844,62247.238281,62658.359375,62658.359375,0,47.146098,61784.625781,62916.165625,
2026-07-30T11:00:00+0900,62653.828125,62803.980469,62177.089844,62218.410156,62218.410156,0,43.569563,61976.750000,62826.514375,
2026-07-30T12:00:00+0900,61760.070312,62219.589844,61629.878906,61990.289062,61990.289062,0,41.798926,62114.167969,62721.932344,
2026-07-30T13:00:00+0900,61989.820312,62179.398438,61575.578125,61640.339844,61640.339844,0,39.169174,62156.347656,62609.846406,
2026-07-30T14:00:00+0900,61631.031250,62241.820312,61498.140625,61894.261719,61894.261719,0,42.019606,62080.332031,62497.008438,
2026-07-30T15:00:00+0900,61884.660156,62001.718750,61703.898438,61807.898438,61807.898438,0,41.310580,61910.239844,62378.763906,
2026-07-31T09:00:00+0900,61957.101562,65175.148438,61948.230469,65155.859375,65155.859375,0,65.566806,62497.729688,62403.483437,
2026-07-31T10:00:00+0900,65151.929688,65364.730469,64981.371094,64990.910156,64990.910156,0,64.159847,63097.853906,62413.637812,
2026-07-31T11:00:00+0900,64982.039062,65035.031250,64506.250000,64572.250000,64572.250000,0,60.605148,63684.235938,62404.602656,
2026-07-31T12:00:00+0900,64501.691406,64521.921875,63901.589844,64238.289062,64238.289062,0,57.851716,64153.041406,62375.841094,
2026-07-31T13:00:00+0900,64232.910156,64513.570312,63949.871094,64367.808594,64367.808594,0,58.636600,64665.023438,62459.811094,
2026-07-31T14:00:00+0900,64373.058594,64657.160156,64014.011719,64398.738281,64398.738281,0,58.833747,64513.599219,62550.764219,
2026-07-31T15:00:00+0900,64389.570312,64455.398438,64256.378906,64299.390625,64299.390625,0,57.879487,64375.295312,62640.881406,
2026-08-03T09:00:00+0900,63834.949219,63834.949219,62827.820312,63070.898438,63070.898438,0,47.598529,64075.025000,62665.435000,
2026-08-03T10:00:00+0900,63057.281250,63305.781250,62703.468750,63265.699219,63265.699219,0,49.141216,63880.507031,62701.800625,
2026-08-03T11:00:00+0900,63267.480469,63566.449219,63172.871094,63240.511719,63240.511719,0,48.940593,63655.047656,62746.066250,
2026-08-03T12:00:00+0900,63240.949219,63905.121094,63231.230469,63655.460938,63655.460938,0,52.389148,63506.392188,62799.756250,
2026-08-03T13:00:00+0900,63656.781250,63838.179688,63553.171875,63636.660156,63636.660156,0,52.217065,63373.846094,62847.271875,64193.519844
2026-08-03T14:00:00+0900,63651.941406,63745.761719,63547.781250,63653.000000,63653.000000,0,52.363516,63490.266406,62939.677812,64180.041719
2026-08-03T15:00:00+0900,63650.718750,63768.339844,63552.230469,63709.308594,63709.308594,0,52.899265,63578.988281,63020.455781,64173.722083
2026-08-04T09:00:00+0900,63995.281250,64240.500000,62942.300781,63101.878906,63101.878906,0,46.786374,63551.261719,63113.239687,64163.127396
2026-08-04T10:00:00+0900,63102.378906,63691.589844,62864.429688,63666.160156,63666.160156,0,52.300710,63553.401563,63209.574531,64162.805677
2026-08-04T11:00:00+0900,63654.871094,63654.871094,63270.789062,63333.351562,63333.351562,0,49.070893,63492.739844,63290.780625,64163.887187
2026-08-04T12:00:00+0900,63400.808594,63578.410156,63308.351562,63554.218750,63554.218750,0,51.223678,63472.983594,63375.771719,64162.174219
2026-08-04T13:00:00+0900,63533.378906,63682.570312,63292.289062,63583.558594,63583.558594,0,51.516860,63447.833594,63428.140469,64155.112188
2026-08-04T14:00:00+0900,63586.980469,64010.191406,63417.671875,63986.750000,63986.750000,0,55.477332,63624.807813,63481.276094,64143.532448
2026-08-04T15:00:00+0900,63987.218750,64036.949219,63928.390625,63954.488281,63954.488281,0,55.089551,63682.473437,63550.719219,64126.956823
2026-08-05T09:00:00+0900,64565.269531,66170.039062,64555.519531,65876.117188,65876.117188,0,68.992441,64191.026563,63706.152344,64135.229323
2026-08-05T10:00:00+0900,65891.023438,66052.390625,65641.828125,66023.726562,66023.726562,0,69.766676,64684.928125,63881.487813,64135.746510
2026-08-05T11:00:00+0900,66035.109375,66145.562500,65861.000000,65861.000000,65861.000000,0,67.758068,65140.416406,64040.157344,64135.850677
2026-08-05T12:00:00+0900,65797.460938,66044.710938,65754.390625,66030.812500,66030.812500,0,68.768565,65549.228906,64209.073906,64136.145469
2026-08-05T13:00:00+0900,66020.539062,66197.617188,65917.640625,66177.320312,66177.320312,0,69.652287,65993.795313,64249.932344,64137.604323
2026-08-05T14:00:00+0900,66175.656250,66282.546875,66091.109375,66208.281250,66208.281250,0,69.846465,66060.228125,64298.627188,64122.178906
2026-08-05T15:00:00+0900,66198.968750,66302.523438,66198.968750,66287.960938,66287.960938,0,70.371873,66113.075000,64367.255625,64105.742240
2026-08-06T09:00:00+0900,65896.000000,65983.132812,65174.378906,65192.269531,65192.269531,0,55.937797,65979.328906,64405.414844,64074.824271
2026-08-06T10:00:00+0900,65188.351562,65271.640625,64942.070312,65018.421875,65018.421875,0,54.043708,65776.850781,64431.439375,64049.495104
2026-08-06T11:00:00+0900,65021.679688,65375.699219,64997.039062,65266.671875,65266.671875,0,56.318280,65594.721094,64466.156719,64029.790104
2026-08-06T12:00:00+0900,65477.410156,65614.828125,65347.238281,65564.109375,65564.109375,0,58.940446,65465.886719,64516.745469,64020.810521
2026-08-06T13:00:00+0900,65563.867188,65676.218750,65432.878906,65619.000000,65619.000000,0,59.424520,65332.094531,64618.669531,64015.661771
2026-08-06T14:00:00+0900,65621.703125,65838.437500,65594.320312,65700.640625,65700.640625,0,60.176539,65433.768750,64716.067187,63999.005521
2026-08-06T15:00:00+0900,65698.117188,65716.242188,65559.718750,65629.656250,65629.656250,0,59.150033,65556.015625,64811.632969,63987.007500
2026-08-07T09:00:00+0900,65746.132812,65990.718750,65074.980469,65193.949219,65193.949219,0,53.156202,65541.471094,64873.172500,63970.600990
2026-08-07T10:00:00+0900,65210.468750,65226.449219,64651.488281,64885.378906,64885.378906,0,49.342759,65405.725000,64923.121250,63948.219375
2026-08-07T11:00:00+0900,64887.839844,65159.160156,64845.480469,65039.160156,65039.160156,0,51.220912,65289.757031,64978.567656,63928.587135
2026-08-07T12:00:00+0900,65063.011719,65297.519531,65039.980469,65082.511719,65082.511719,0,51.763847,65166.131250,65033.495781,63911.589167
2026-08-07T13:00:00+0900,65079.761719,65363.738281,65003.500000,65271.218750,65271.218750,0,54.155874,65094.443750,65120.269375,63897.782083
2026-08-07T14:00:00+0900,65280.910156,65685.601562,65280.910156,65479.109375,65479.109375,0,56.703179,65151.475781,65192.787344,63906.889531
2026-08-07T15:00:00+0900,65481.929688,65675.992188,65473.968750,65666.609375,65666.609375,0,58.920233,65307.721875,65286.117656,63924.120469
2026-08-10T09:00:00+0900,65905.101562,66685.593750,65848.578125,66481.039062,66481.039062,0,66.858555,65596.097656,65403.190469,63949.617656
2026-08-10T10:00:00+0900,66479.132812,67006.843750,66359.921875,66937.500000,66937.500000,0,70.320299,65967.095312,65537.348125,63985.298073
2026-08-10T11:00:00+0900,66939.773438,66999.398438,66887.570312,66931.476562,66931.476562,0,70.216071,66299.146875,65655.137188,64017.526302
2026-08-10T12:00:00+0900,66900.156250,66960.156250,66773.250000,66882.382812,66882.382812,0,69.314304,66579.801562,65772.252969,64049.828854
2026-08-10T13:00:00+0900,66880.617188,66956.359375,66708.523438,66765.507812,66765.507812,0,67.104817,66799.581250,65807.828594,64078.637760
2026-08-10T14:00:00+0900,66766.460938,66972.906250,66766.460938,66875.953125,66875.953125,0,68.138403,66878.564062,65841.917656,64111.083958
2026-08-10T15:00:00+0900,66875.976562,66981.968750,66821.820312,66949.960938,66949.960938,0,68.844817,66881.056250,65885.476094,64140.880625
2026-08-12T09:00:00+0900,66994.046875,67144.359375,66735.757812,66969.312500,66969.312500,0,69.038122,66888.623438,65923.016094,64170.284635
2026-08-12T10:00:00+0900,66961.257812,67121.687500,66822.679688,67068.921875,67068.921875,0,70.067612,66925.931250,65958.680156,64204.031979
2026-08-12T11:00:00+0900,67067.140625,67075.507812,66939.070312,67040.179688,67040.179688,0,69.351053,66980.865625,65991.956094,64234.740365
2026-08-12T12:00:00+0900,67225.546875,67361.453125,67192.023438,67286.210938,67286.210938,0,71.991514,67062.917188,66031.886094,64267.914792
2026-08-12T13:00:00+0900,67291.812500,67502.882812,67291.812500,67480.007812,67480.007812,0,73.899004,67168.926562,66123.395625,64301.550521
2026-08-12T14:00:00+0900,67511.281250,67569.359375,67431.617188,67491.257812,67491.257812,0,74.009660,67273.315625,66222.309063,64371.186510
2026-08-12T15:00:00+0900,67491.601562,67566.476562,67464.078125,67547.812500,67547.812500,0,74.592804,67369.093750,66313.554688,64443.491875
2026-08-13T09:00:00+0900,68033.171875,68799.710938,68006.171875,68616.367188,68616.367188,0,82.556443,67684.331250,66435.645000,64531.090625
2026-08-13T10:00:00+0900,68624.421875,68633.406250,68313.921875,68478.312500,68478.312500,0,79.106544,67922.751562,66550.017500,64611.374010
2026-08-13T11:00:00+0900,68481.187500,68636.703125,68439.210938,68609.921875,68609.921875,0,79.966038,68148.734375,66666.388750,64694.752188
2026-08-13T12:00:00+0900,68757.000000,68792.906250,68677.429688,68699.632812,68699.632812,0,80.553286,68390.409375,66789.187812,64782.295677
2026-08-13T13:00:00+0900,68699.953125,68792.320312,68503.296875,68510.492188,68510.492188,0,75.526631,68582.945312,66921.849531,64864.926094
2026-08-13T14:00:00+0900,68510.859375,68703.679688,68377.257812,68386.710938,68386.710938,0,72.344934,68537.014063,67061.902813,64944.098646
2026-08-13T15:00:00+0900,68380.921875,68406.289062,68281.750000,68406.289062,68406.289062,0,72.541963,68522.609375,67196.587969,65038.277812
2026-08-14T09:00:00+0900,68811.171875,69608.242188,68683.289062,69291.367188,69291.367188,0,79.613238,68658.898438,67364.942187,65139.631250
2026-08-14T10:00:00+0900,69283.539062,69287.687500,68748.757812,68824.546875,68824.546875,0,69.453649,68683.881250,67507.075313,65246.861458
2026-08-14T11:00:00+0900,68822.648438,68978.132812,68808.351562,68889.007812,68889.007812,0,70.022525,68759.584375,67643.471250,65348.611042
2026-08-14T12:00:00+0900,68953.796875,68989.257812,68637.117188,68647.546875,68647.546875,0,65.129569,68811.751562,67762.708750,65446.535677
2026-08-14T13:00:00+0900,68643.742188,68730.859375,68525.882812,68539.859375,68539.859375,0,63.014723,68838.465625,67845.061563,65541.341250
2026-08-14T14:00:00+0900,68541.843750,68853.062500,68471.148438,68838.703125,68838.703125,0,66.286392,68747.932813,67921.109687,65628.866094
2026-08-14T15:00:00+0900,68846.468750,68864.210938,68666.710938,68718.328125,68718.328125,0,63.836829,68726.689062,67992.583750,65709.665677
2026-08-17T09:00:00+0900,68882.062500,69100.429688,68539.250000,68544.937500,68544.937500,0,60.375832,68657.875000,68059.085938,65794.019375
2026-08-17T10:00:00+0900,68552.546875,68771.632812,68492.039062,68705.421875,68705.421875,0,62.407368,68669.450000,68136.682500,65883.554479
2026-08-17T11:00:00+0900,68706.257812,68815.921875,68691.953125,68721.437500,68721.437500,0,62.613372,68705.765625,68210.501875,65977.969115
2026-08-17T12:00:00+0900,68763.718750,68920.828125,68670.703125,68847.710938,68847.710938,0,64.275604,68707.567187,68286.411875,66070.681771
2026-08-17T13:00:00+0900,68853.046875,68986.531250,68848.898438,68926.640625,68926.640625,0,65.313720,68749.229688,68364.705000,66165.598333
2026-08-17T14:00:00+0900,68925.960938,69191.859375,68863.343750,69183.890625,69183.890625,0,68.524116,68877.020312,68449.303750,66219.305417
2026-08-17T15:00:00+0900,69188.023438,69225.570312,69109.507812,69169.656250,69169.656250,0,68.148258,68969.867188,68534.482813,66275.022031
2026-08-18T09:00:00+0900,68847.351562,69093.203125,68579.601562,68906.242188,68906.242188,0,61.432942,69006.828125,68599.284062,66332.808594
2026-08-18T10:00:00+0900,68921.476562,69033.726562,68331.171875,68536.593750,68536.593750,0,53.470272,68944.604688,68641.547500,66390.119323
2026-08-18T11:00:00+0900,68537.632812,68626.648438,68098.539062,68098.539062,68098.539062,0,45.880786,68778.984375,68665.838750,66439.862396
2026-08-18T12:00:00+0900,67837.148438,68019.179688,67675.812500,67991.796875,67991.796875,0,44.233226,68540.565625,68683.598125,66487.769844
2026-08-18T13:00:00+0900,67982.960938,68105.203125,67780.500000,67867.859375,67867.859375,0,42.332434,68280.206250,68653.657812,66535.349427
2026-08-18T14:00:00+0900,67878.750000,67878.750000,67533.757812,67533.757812,67533.757812,0,37.637135,68005.709375,68615.875625,66594.854219
2026-08-18T15:00:00+0900,67530.046875,67578.593750,67368.960938,67506.773438,67506.773438,0,37.277506,67799.745313,68571.749688,66651.401875
2026-08-19T09:00:00+0900,66812.273438,66833.507812,65326.761719,65829.750000,65829.750000,0,22.736921,67345.987500,68456.954375,66685.925052
2026-08-19T10:00:00+0900,65817.109375,66219.609375,65797.992188,65906.906250,65906.906250,0,24.201829,66929.009375,68352.810938,66715.944323
2026-08-19T11:00:00+0900,65908.007812,65912.468750,65581.226562,65724.250000,65724.250000,0,23.085908,66500.287500,68246.312500,66743.778854
2026-08-19T12:00:00+0900,65815.546875,65875.398438,65646.062500,65667.843750,65667.843750,0,22.737250,66127.104688,68136.774688,66770.643437
2026-08-19T13:00:00+0900,65663.109375,65677.507812,65133.980469,65323.789062,65323.789062,0,20.685155,65690.507812,67978.071563,66792.169844
2026-08-19T14:00:00+0900,65326.371094,65568.539062,65190.148438,65351.000000,65351.000000,0,21.290202,65594.757812,67839.129687,66822.158125
2026-08-19T15:00:00+0900,65345.429688,65453.730469,65254.281250,65431.179688,65431.179688,0,23.150494,65499.612500,67700.816562,66845.691719
2026-08-20T09:00:00+0900,65732.789062,66246.546875,65652.250000,66237.046875,66237.046875,0,38.805362,65602.171875,67604.396562,66884.407656
2026-08-20T10:00:00+0900,66244.468750,66325.320312,65857.039062,66022.859375,66022.859375,0,36.667382,65673.175000,67503.716563,66917.322865
2026-08-20T11:00:00+0900,66026.367188,66063.898438,65861.898438,65982.492188,65982.492188,0,36.261891,65804.915625,67389.468125,66949.308646
2026-08-20T12:00:00+0900,65928.976562,65946.257812,65731.898438,65885.710938,65885.710938,0,35.255255,65911.857813,67276.163437,66974.628125
2026-08-20T13:00:00+0900,65882.007812,66231.093750,65872.031250,66159.609375,66159.609375,0,40.305791,66057.543750,67180.750312,67004.029740
2026-08-20T14:00:00+0900,66168.851562,66271.648438,66056.031250,66103.078125,66103.078125,0,39.618851,66030.750000,67076.656562,67007.055885
2026-08-20T15:00:00+0900,66104.242188,66244.843750,66089.742188,66160.859375,66160.859375,0,40.730746,66058.350000,66974.233438,67008.884323
2026-08-21T09:00:00+0900,65427.691406,65934.937500,65427.691406,65459.070312,65459.070312,0,32.824582,65953.665625,66838.687812,67003.525260
2026-08-21T10:00:00+0900,65451.101562,65922.320312,65260.218750,65734.968750,65734.968750,0,37.925887,65923.517187,66711.020937,66999.580677
2026-08-21T11:00:00+0900,65740.312500,66027.773438,65725.539062,66008.453125,66008.453125,0,42.580646,65893.285937,66584.003437,66997.329115
2026-08-21T12:00:00+0900,66075.906250,66125.882812,65804.132812,65924.382812,65924.382812,0,41.549205,65857.546875,66454.192500,66993.543802
2026-08-21T13:00:00+0900,65922.718750,66078.937500,65877.507812,65991.523438,65991.523438,0,42.742080,65823.679688,66337.603750,66989.591302
2026-08-21T14:00:00+0900,66000.539062,66030.367188,65753.023438,65868.148438,65868.148438,0,41.082905,65905.495313,66230.865937,66998.603021
2026-08-21T15:00:00+0900,65862.062500,66033.539062,65832.851562,66033.539062,66033.539062,0,44.209456,65965.209375,66148.265937,67012.137917
2026-08-24T09:00:00+0900,65978.953125,66257.726562,65653.390625,65992.062500,65992.062500,0,43.584807,65961.931250,66068.276563,67021.809792
2026-08-24T10:00:00+0900,66011.679688,66208.382812,65775.023438,65775.023438,65775.023438,0,40.370382,65932.059375,65984.563125,67024.621979
2026-08-24T11:00:00+0900,65785.687500,66013.242188,65754.929688,65968.710938,65968.710938,0,44.317120,65927.496875,65921.961250,67029.284792
2026-08-24T12:00:00+0900,65630.070312,65729.148438,65544.070312,65592.773438,65592.773438,0,38.931060,65872.421875,65845.401250,67027.846562
2026-08-24T13:00:00+0900,65594.156250,65787.046875,65594.156250,65637.992188,65637.992188,0,39.877567,65793.312500,65837.730938,67027.957708
2026-08-24T14:00:00+0900,65628.531250,65787.296875,65545.898438,65566.429688,65566.429688,0,38.851299,65708.185938,65824.111875,67032.924115
2026-08-24T15:00:00+0900,65564.648438,65623.992188,65470.949219,65537.328125,65537.328125,0,38.418301,65660.646875,65816.635000,67041.616771
2026-08-25T09:00:00+0900,65195.261719,65279.628906,64609.468750,65140.390625,65140.390625,0,33.013688,65494.982812,65795.536875,67042.966510
2026-08-25T10:00:00+0900,65117.339844,65277.171875,64839.929688,65197.589844,65197.589844,0,34.444841,65415.946094,65790.488906,67044.500885
2026-08-25T11:00:00+0900,65198.558594,65598.968750,65168.699219,65598.679688,65598.679688,0,43.552032,65408.083594,65800.396094,67048.867031
2026-08-25T12:00:00+0900,65785.093750,65846.187500,65593.710938,65736.101562,65736.101562,0,46.304453,65442.017969,65812.592969,67052.293594
2026-08-25T13:00:00+0900,65729.140625,65877.671875,65684.039062,65746.718750,65746.718750,0,46.521415,65483.896094,65792.979844,67053.361719
2026-08-25T14:00:00+0900,65753.578125,65860.906250,65675.882812,65752.929688,65752.929688,0,46.657201,65606.403906,65782.182656,67043.653594
2026-08-25T15:00:00+0900,65751.718750,65904.242188,65727.539062,65877.468750,65877.468750,0,49.429893,65742.379687,65777.981719,67029.519844
2026-08-26T09:00:00+0900,65604.492188,65742.492188,65397.320312,65404.550781,65404.550781,0,40.764754,65703.553906,65758.735312,67009.160833
2026-08-26T10:00:00+0900,65393.769531,65827.039062,65390.550781,65824.296875,65824.296875,0,49.265797,65721.192969,65745.322813,66995.053021
2026-08-26T11:00:00+0900,65826.429688,66227.546875,65771.843750,66227.546875,66227.546875,0,55.824868,65817.358594,65750.301562,66987.880208
2026-08-26T12:00:00+0900,66200.148438,66386.320312,66159.812500,66271.726562,66271.726562,0,56.488577,65921.117969,65754.736250,66979.823854
2026-08-26T13:00:00+0900,66279.179688,66442.343750,66187.148438,66371.632812,66371.632812,0,58.024435,66019.950781,65791.238750,66972.112812
2026-08-26T14:00:00+0900,66377.453125,66418.953125,66262.171875,66319.937500,66319.937500,0,56.905145,66203.028125,65814.637500,66963.454479
2026-08-26T15:00:00+0900,66319.109375,66340.328125,66230.648438,66257.007812,66257.007812,0,55.501601,66289.570312,65824.579687,66952.628958
2026-08-27T09:00:00+0900,66775.781250,66954.687500,65875.320312,65890.546875,65890.546875,0,48.066691,66222.170313,65823.226250,66937.300521
2026-08-27T10:00:00+0900,65883.992188,66285.398438,65782.593750,66121.773438,66121.773438,0,52.399563,66192.179688,65828.436250,66921.774688
2026-08-27T11:00:00+0900,66127.671875,66353.453125,66103.601562,66164.187500,66164.187500,0,53.171351,66150.690625,65840.277813,66904.230417
2026-08-27T12:00:00+0900,66314.031250,66511.343750,66254.656250,66440.523438,66440.523438,0,57.954551,66174.807813,65856.557188,66890.220625
2026-08-27T13:00:00+0900,66442.000000,66506.062500,66128.820312,66238.242188,66238.242188,0,53.635741,66171.054688,65866.404375,66872.759688
2026-08-27T14:00:00+0900,66242.421875,66244.640625,65993.601562,66127.226562,66127.226562,0,51.373051,66218.390625,65880.492500,66839.571146
2026-08-27T15:00:00+0900,66131.382812,66149.460938,66021.078125,66126.843750,66126.843750,0,51.365004,66219.404688,65886.817812,66808.218229
2026-08-28T09:00:00+0900,66104.492188,66589.078125,66012.203125,66493.273438,66493.273438,0,58.126167,66285.221875,65922.837813,66779.996250
2026-08-28T10:00:00+0900,66482.843750,66699.843750,66406.968750,66641.882812,66641.882812,0,60.523100,66325.493750,65962.993438,66752.559583
2026-08-28T11:00:00+0900,66646.093750,66816.453125,66612.273438,66682.882812,66682.882812,0,61.183268,66414.421875,66007.651563,66728.191458
2026-08-28T12:00:00+0900,66842.820312,66842.820312,66446.679688,66685.671875,66685.671875,0,61.230764,66526.110937,66053.585312,66705.510938
2026-08-28T13:00:00+0900,66686.351562,66690.710938,66511.718750,66580.671875,66580.671875,0,58.336775,66616.876562,66111.196563,66681.169375
2026-08-28T14:00:00+0900,66583.398438,66583.617188,66247.218750,66301.203125,66301.203125,0,51.376585,66578.462500,66155.341094,66641.300521
2026-08-28T15:00:00+0900,66301.312500,66451.062500,66288.671875,66398.437500,66398.437500,0,53.457249,66529.773438,66187.331406,66608.952396
2026-08-31T09:00:00+0900,65668.507812,65704.500000,64832.101562,65150.011719,65150.011719,0,33.585506,66223.199219,66163.887813,66559.099115
2026-08-31T10:00:00+0900,65142.460938,65339.039062,64997.269531,65181.730469,65181.730469,0,34.254212,65922.410937,66141.288281,66512.888229
2026-08-31T11:00:00+0900,65175.308594,65447.699219,65150.699219,65361.601562,65361.601562,0,38.062717,65678.596875,66125.635156,66470.511458
2026-08-31T12:00:00+0900,65676.039062,65718.898438,65593.781250,65708.171875,65708.171875,0,44.708685,65559.990625,66118.863281,66428.771042
2026-08-31T13:00:00+0900,65701.937500,66150.132812,65667.656250,66128.203125,66128.203125,0,51.500945,65505.943750,66147.809375,66394.236042
2026-08-31T14:00:00+0900,66132.617188,66236.531250,66038.453125,66151.703125,66151.703125,0,51.857281,65706.282031,66160.905625,66362.326250
2026-08-31T15:00:00+0900,66155.070312,66268.320312,66082.648438,66254.437500,66254.437500,0,53.466889,65920.823438,66161.981250,66329.646458
2026-09-01T09:00:00+0900,65885.468750,66010.859375,65576.609375,66010.859375,66010.859375,0,49.261515,66050.675000,66151.546563,66293.505417
2026-09-01T10:00:00+0900,66014.562500,66408.070312,66014.562500,66173.367188,66173.367188,0,51.975475,66143.714063,66143.615937,66257.847500
2026-09-01T11:00:00+0900,66162.250000,66215.593750,66049.687500,66050.328125,66050.328125,0,49.803383,66128.139063,66132.831562,66219.496667
2026-09-01T12:00:00+0900,66134.007812,66232.500000,66103.156250,66230.507812,66230.507812,0,52.907104,66143.900000,66131.771562,66180.118229
2026-09-01T13:00:00+0900,66235.117188,66370.382812,66118.539062,66137.203125,66137.203125,0,51.143579,66120.453125,66141.637813,66139.685521
2026-09-01T14:00:00+0900,66139.210938,66525.703125,66125.632812,66455.968750,66455.968750,0,56.480648,66209.475000,66155.005625,66107.015208
2026-09-01T15:00:00+0900,66457.937500,66509.921875,66290.273438,66311.687500,66311.687500,0,53.625207,66237.139063,66160.905625,66077.349792
2026-09-02T09:00:00+0900,65195.429688,65195.429688,64396.050781,64495.738281,64495.738281,0,31.820237,65926.221094,66083.114219,66029.312448
2026-09-02T10:00:00+0900,64505.429688,64704.089844,64234.308594,64309.550781,64309.550781,0,30.452987,65542.029688,66005.966563,65980.215833
2026-09-02T11:00:00+0900,64302.851562,64560.000000,64264.160156,64473.160156,64473.160156,0,33.170401,65209.221094,65939.803906,65934.953177
2026-09-02T12:00:00+0900,64436.300781,64466.171875,64323.199219,64376.011719,64376.011719,0,32.361822,64793.229688,65869.770625,65892.849896
2026-09-02T13:00:00+0900,64361.308594,64368.800781,64215.468750,64285.738281,64285.738281,0,31.591190,64388.039844,65781.469219,65849.902760
2026-09-02T14:00:00+0900,64284.718750,64504.898438,64244.921875,64481.300781,64481.300781,0,35.191626,64385.152344,65695.045938,65831.923437
2026-09-02T15:00:00+0900,64478.980469,64497.488281,64263.089844,64263.089844,64263.089844,0,33.098357,64375.860156,65598.254219,65810.005885
2026-09-03T09:00:00+0900,64724.808594,64724.808594,64140.039062,64234.160156,64234.160156,0,32.819635,64328.060156,65500.193750,65790.138021
2026-09-03T10:00:00+0900,64245.691406,64507.699219,64225.699219,64315.640625,64315.640625,0,34.492836,64315.985938,65409.592500,65772.108646
2026-09-03T11:00:00+0900,64315.890625,64491.601562,64277.070312,64455.828125,64455.828125,0,37.382466,64350.003906,65335.777500,65760.535833
2026-09-03T12:00:00+0900,64557.960938,64613.531250,64481.269531,64557.929688,64557.929688,0,39.476508,64365.329688,65262.157188,65749.961563
2026-09-03T13:00:00+0900,64559.718750,64588.371094,64419.351562,64431.679688,64431.679688,0,37.793485,64399.047656,65233.423906,65736.634896
2026-09-03T14:00:00+0900,64430.671875,64430.671875,63772.800781,64266.890625,64266.890625,0,35.656639,64405.593750,65196.830313,65710.366146
2026-09-03T15:00:00+0900,64269.519531,64442.589844,64228.980469,64269.480469,64269.480469,0,35.718153,64396.361719,65153.145469,65686.987760
2026-09-04T09:00:00+0900,64498.941406,64846.308594,64228.468750,64724.269531,64724.269531,0,45.560642,64450.050000,65113.789375,65670.211458
2026-09-04T10:00:00+0900,64724.238281,64821.128906,64571.199219,64626.000000,64626.000000,0,43.993185,64463.664062,65053.701250,65653.415313
2026-09-04T11:00:00+0900,64639.398438,64788.859375,64580.179688,64769.738281,64769.738281,0,46.872337,64531.275781,64998.422656,65634.883698
2026-09-04T12:00:00+0900,64753.480469,64962.769531,64749.199219,64917.148438,64917.148438,0,49.726648,64661.327344,64944.931094,65619.071302
2026-09-04T13:00:00+0900,64916.101562,65079.511719,64794.570312,64957.988281,64957.988281,0,50.519795,64799.028906,64902.816250,65603.033021
2026-09-04T14:00:00+0900,64956.011719,65182.449219,64952.109375,65031.660156,65031.660156,0,51.991221,64860.507031,64857.147969,65597.334219
2026-09-04T15:00:00+0900,65034.421875,65073.738281,64974.828125,65054.558594,65054.558594,0,52.464389,64946.218750,64817.317187,65588.262083
2026-09-07T09:00:00+0900,65600.421875,66393.039062,65600.421875,66157.929688,66157.929688,0,68.549456,65223.857031,64814.414062,65590.255104
2026-09-07T10:00:00+0900,66139.539062,66521.351562,66122.468750,66492.828125,66492.828125,0,71.681646,65538.992969,64828.639062,65597.834375
2026-09-07T11:00:00+0900,66487.500000,66668.710938,66456.320312,66460.109375,66460.109375,0,70.938337,65839.417188,64828.804688,65604.082187
2026-09-07T12:00:00+0900,66169.773438,66310.820312,66033.320312,66262.648438,66262.648438,0,66.459286,66085.614844,64826.843125,65609.342188
2026-09-07T13:00:00+0900,66266.789062,66337.562500,66198.289062,66337.562500,66337.562500,0,67.302781,66342.215625,64900.516094,65613.395833
2026-09-07T14:00:00+0900,66333.757812,66366.257812,66181.203125,66181.203125,66181.203125,0,63.701906,66346.870313,64975.382187,65615.917708
2026-09-07T15:00:00+0900,66174.226562,66348.992188,66173.937500,66346.968750,66346.968750,0,65.791511,66317.698438,65050.334531,65623.543646
2026-09-08T09:00:00+0900,65843.687500,66791.843750,65763.109375,66734.632812,66734.632812,0,70.123225,66372.603125,65144.679375,65633.755937
2026-09-08T10:00:00+0900,66730.203125,66752.351562,66415.437500,66517.687500,66517.687500,0,65.151260,66423.610937,65233.957344,65646.088125
2026-09-08T11:00:00+0900,66522.742188,66613.476562,66424.531250,66445.132812,66445.132812,0,63.528935,66445.125000,65312.510625,65656.850000
2026-09-08T12:00:00+0900,66663.710938,66710.859375,66546.710938,66625.812500,66625.812500,0,65.811994,66534.046875,65407.019531,65670.975104
2026-09-08T13:00:00+0900,66624.617188,66641.750000,66371.656250,66382.296875,66382.296875,0,60.330397,66541.112500,65492.945000,65682.241354
2026-09-08T14:00:00+0900,66384.968750,66384.968750,65773.382812,65773.382812,65773.382812,0,49.277740,66348.862500,65551.254687,65690.681250
2026-09-08T15:00:00+0900,65767.406250,65777.609375,65370.421875,65370.421875,65370.421875,0,43.586879,66119.409375,65587.838438,65692.985677
2026-09-09T09:00:00+0900,65087.218750,65728.531250,65076.191406,65613.906250,65613.906250,0,47.529924,65953.164062,65630.077500,65693.188698
2026-09-09T10:00:00+0900,65598.281250,65794.031250,65407.558594,65510.339844,65510.339844,0,46.055358,65730.069531,65673.223906,65690.178542
2026-09-09T11:00:00+0900,65512.339844,65610.289062,65374.851562,65495.230469,65495.230469,0,45.831961,65552.656250,65722.357500,65686.825365
2026-09-09T12:00:00+0900,65537.281250,65586.500000,65178.640625,65252.671875,65252.671875,0,42.285886,65448.514062,65761.685156,65680.155260
2026-09-09T13:00:00+0900,65255.890625,65326.179688,65072.699219,65296.410156,65296.410156,0,43.140194,65433.711719,65784.570781,65672.407812
2026-09-09T14:00:00+0900,65296.148438,65296.148438,65017.679688,65161.621094,65161.621094,0,41.120132,65343.254687,65805.995625,65669.168750
2026-09-09T15:00:00+0900,65161.308594,65179.871094,65077.058594,65148.078125,65148.078125,0,40.912838,65270.802344,65821.129219,65660.152500
2026-09-10T09:00:00+0900,64768.531250,64927.179688,64286.441406,64383.968750,64383.968750,0,31.319449,65048.550000,65799.802031,65635.571458
2026-09-10T10:00:00+0900,64402.609375,64546.488281,64186.679688,64527.191406,64527.191406,0,34.423314,64903.453906,65782.570156,65612.310990
2026-09-10T11:00:00+0900,64526.480469,64654.140625,64495.351562,64597.460938,64597.460938,0,35.952675,64763.664062,65765.202188,65588.655365
2026-09-10T12:00:00+0900,64726.078125,64757.429688,64645.019531,64751.128906,64751.128906,0,39.287257,64681.565625,65753.065000,65567.737917
2026-09-10T13:00:00+0900,64747.671875,64966.988281,64706.859375,64962.671875,64962.671875,0,43.637659,64644.484375,65705.254687,65550.480104
2026-09-10T14:00:00+0900,64962.589844,65100.101562,64835.761719,64937.578125,64937.578125,0,43.241832,64755.206250,65643.044688,65537.773854
2026-09-10T15:00:00+0900,64943.890625,65143.468750,64943.890625,65128.808594,65128.808594,0,47.174300,64875.529687,65589.792656,65524.534323
2026-09-11T09:00:00+0900,64276.820312,64312.019531,63208.628906,63655.738281,63655.738281,0,29.956466,64687.185156,65485.516250,65491.088333
2026-09-11T10:00:00+0900,63645.558594,63666.609375,63233.699219,63417.281250,63417.281250,0,28.164435,64420.415625,65368.705000,65450.778437
2026-09-11T11:00:00+0900,63418.421875,63556.648438,63385.640625,63469.390625,63469.390625,0,29.161706,64121.759375,65260.232500,65413.860417
2026-09-11T12:00:00+0900,63361.039062,63542.609375,63283.128906,63525.148438,63525.148438,0,30.277089,63839.273438,65147.359688,65379.166042
2026-09-11T13:00:00+0900,63515.441406,63911.210938,63476.781250,63724.898438,63724.898438,0,34.269962,63558.491406,65026.970313,65347.140104
2026-09-11T14:00:00+0900,63720.968750,64065.429688,63707.480469,63943.519531,63943.519531,0,38.426159,63616.047656,64924.003594,65313.143385
2026-09-11T15:00:00+0900,63948.750000,64030.070312,63895.039062,64006.421875,64006.421875,0,39.609368,63733.875781,64826.455156,65278.003906
